{
  "calibration": {
    "timestamp": "2025-06-03T18:23:49.655497",
    "image_size": [
      1456,
      1088
    ],
    "checkerboard_size": [
      8,
      5
    ],
    "square_size_mm": 19.5,
    "num_images_used": 19,
    "rms_error": 0.7828070980527586,
    "baseline_mm": 80.18767344801157,
    "K1": [
      [
        1745.4521540645528,
        0.0,
        760.9445244397452
      ],
      [
        0.0,
        1745.3188897330367,
        522.6643302882563
      ],
      [
        0.0,
        0.0,
        1.0
      ]
    ],
    "D1": [
      -0.41291879672205006,
      0.4622871284897505,
      -0.0013415775088942443,
      -0.0016340419718049587,
      -1.1830659751596422
    ],
    "K2": [
      [
        1763.3729330757606,
        0.0,
        720.3052499152224
      ],
      [
        0.0,
        1763.5670857161915,
        512.6395876076942
      ],
      [
        0.0,
        0.0,
        1.0
      ]
    ],
    "D2": [
      -0.38044744832910776,
      -0.23731467425787753,
      -0.0009697250344071202,
      0.0003217898703548617,
      2.522459058947848
    ],
    "R": [
      [
        0.9999342479640388,
        -0.007334338974746644,
        -0.008815169901680837
      ],
      [
        0.007301781636095798,
        0.9999664227576158,
        -0.003719857830057627
      ],
      [
        0.00884215661084792,
        0.003655246796124609,
        0.9999542266710655
      ]
    ],
    "T": [
      -79.89774621679548,
      -0.2904334340665811,
      1.7863283389557452
    ],
    "E": [
      [
        -0.015611437370467654,
        -1.7873299648554897,
        -0.28377525250275165
      ],
      [
        2.492679269133251,
        0.2789444433184212,
        79.87834224316869
      ],
      [
        -0.29298155861425973,
        -79.89719360805987,
        0.2946480368020783
      ]
    ],
    "F": [
      [
        -3.717856567129324e-09,
        -4.256843026976724e-07,
        0.00010735977802654789
      ],
      [
        5.935650582196889e-07,
        6.642824813531721e-08,
        0.03271367394576257
      ],
      [
        -0.00042464351932244165,
        -0.0332825355210475,
        1.0
      ]
    ],
    "R1": [
      [
        0.9995067199175823,
        -0.0037801500740700903,
        -0.03117735243751876
      ],
      [
        0.0037241791543676525,
        0.9999913481863083,
        -0.0018531168759206372
      ],
      [
        0.031184087756769827,
        0.0017360927242392088,
        0.9995121503277641
      ]
    ],
    "R2": [
      [
        0.9997435588766309,
        0.003634131984181671,
        -0.022351947776648007
      ],
      [
        -0.0035940056973001095,
        0.9999918577087079,
        0.0018351128943491642
      ],
      [
        0.022358434823042186,
        -0.0017543092682819647,
        0.9997484797644131
      ]
    ],
    "P1": [
      [
        1751.3366961437646,
        0.0,
        811.424186706543,
        0.0
      ],
      [
        0.0,
        1751.3366961437646,
        508.93968200683594,
        0.0
      ],
      [
        0.0,
        0.0,
        1.0,
        0.0
      ]
    ],
    "P2": [
      [
        1751.3366961437646,
        0.0,
        811.424186706543,
        -139963.74734925674
      ],
      [
        0.0,
        1751.3366961437646,
        508.93968200683594,
        0.0
      ],
      [
        0.0,
        0.0,
        1.0,
        0.0
      ]
    ],
    "Q": [
      [
        1.0,
        0.0,
        0.0,
        -811.424186706543
      ],
      [
        0.0,
        1.0,
        0.0,
        -508.93968200683594
      ],
      [
        0.0,
        0.0,
        0.0,
        1751.3366961437646
      ],
      [
        0.0,
        0.0,
        0.01251278798483145,
        -0.0
      ]
    ],
    "roi1": [
      0,
      0,
      1456,
      1088
    ],
    "roi2": [
      0,
      0,
      1456,
      1088
    ]
  },
  "validation_metrics": {
    "rms_reprojection_error": 0.7828070980527586,
    "baseline_mm": 80.18767344801157,
    "baseline_error_mm": 0.18767344801156582,
    "epipolar_error_mean": 58.91820202636719,
    "epipolar_error_std": 93.46453573631184,
    "epipolar_error_max": 705.0,
    "num_epipolar_tests": 250,
    "iso_compliant": false
  },
  "quality_assessment": {
    "overall_quality": "ACCEPTABLE",
    "iso_compliant": false,
    "recommendations": [
      "Consider recapturing calibration images with better coverage",
      "High epipolar error detected, calibration may need refinement"
    ]
  }
}