{
  "calibration": {
    "timestamp": "2025-06-04T15:27:11.957786",
    "image_size": [
      1456,
      1088
    ],
    "checkerboard_size": [
      8,
      5
    ],
    "square_size_mm": 19.5,
    "num_images_used": 19,
    "rms_error": 0.7828070998532549,
    "baseline_mm": 80.18767480261509,
    "K1": [
      [
        1745.4521511551607,
        0.0,
        760.9445245120128
      ],
      [
        0.0,
        1745.3188869994885,
        522.6643341852727
      ],
      [
        0.0,
        0.0,
        1.0
      ]
    ],
    "D1": [
      -0.4129187969194823,
      0.4622871230725606,
      -0.0013415778438221906,
      -0.001634041912187314,
      -1.183065935930075
    ],
    "K2": [
      [
        1763.3729332097973,
        0.0,
        720.3052498217642
      ],
      [
        0.0,
        1763.5670858445458,
        512.6395874544895
      ],
      [
        0.0,
        0.0,
        1.0
      ]
    ],
    "D2": [
      -0.38044744824273485,
      -0.23731467587934515,
      -0.00096972502051563,
      0.0003217898775643235,
      2.5224590688357984
    ],
    "R": [
      [
        0.999934247964376,
        -0.007334339035359556,
        -0.008815169812999218
      ],
      [
        0.007301781717073411,
        0.9999664227654546,
        -0.0037198555639075884
      ],
      [
        0.008842156505843135,
        0.0036552445300585337,
        0.9999542266802774
      ]
    ],
    "T": [
      -79.8977462315594,
      -0.29043340221229763,
      1.7863293355102463
    ],
    "E": [
      [
        -0.015611444479586236,
        -1.787330960615955,
        -0.28377522099365093
      ],
      [
        2.4926802573637286,
        0.2789442549014716,
        79.87834225004156
      ],
      [
        -0.2929815970440825,
        -79.89719362323355,
        0.29464785610327426
      ]
    ],
    "F": [
      [
        -3.717858170945673e-09,
        -4.2568452959774337e-07,
        0.00010735991562363725
      ],
      [
        5.935652792986205e-07,
        6.642820166488386e-08,
        0.03271367295244758
      ],
      [
        -0.00042464364460575446,
        -0.03328253453414662,
        1.0
      ]
    ],
    "R1": [
      [
        0.999506719530382,
        -0.003780150527737394,
        -0.031177364795663742
      ],
      [
        0.0037241796218789765,
        0.9999913481866519,
        -0.0018531157509007524
      ],
      [
        0.031184100111406588,
        0.001736091538456944,
        0.9995121499443675
      ]
    ],
    "R2": [
      [
        0.9997435585995236,
        0.0036341315839169,
        -0.022351960235997056
      ],
      [
        -0.0035940053005034172,
        0.9999918577122213,
        0.001835111756992367
      ],
      [
        0.022358447277500512,
        -0.0017543080947986075,
        0.9997484794879399
      ]
    ],
    "P1": [
      [
        1751.3367220006915,
        0.0,
        811.4242248535156,
        0.0
      ],
      [
        0.0,
        1751.3367220006915,
        508.939697265625,
        0.0
      ],
      [
        0.0,
        0.0,
        1.0,
        0.0
      ]
    ],
    "P2": [
      [
        1751.3367220006915,
        0.0,
        811.4242248535156,
        -139963.74948035498
      ],
      [
        0.0,
        1751.3367220006915,
        508.939697265625,
        0.0
      ],
      [
        0.0,
        0.0,
        1.0,
        0.0
      ]
    ],
    "Q": [
      [
        1.0,
        0.0,
        0.0,
        -811.4242248535156
      ],
      [
        0.0,
        1.0,
        0.0,
        -508.939697265625
      ],
      [
        0.0,
        0.0,
        0.0,
        1751.3367220006915
      ],
      [
        0.0,
        0.0,
        0.012512787979051001,
        -0.0
      ]
    ],
    "roi1": [
      0,
      0,
      1456,
      1088
    ],
    "roi2": [
      0,
      0,
      1456,
      1088
    ]
  },
  "validation_metrics": {
    "rms_reprojection_error": 0.7828070998532549,
    "baseline_mm": 80.18767480261509,
    "baseline_error_mm": 0.18767480261509206,
    "epipolar_error_mean": 56.48940173339844,
    "epipolar_error_std": 79.69185417497813,
    "epipolar_error_max": 499.0,
    "num_epipolar_tests": 250,
    "iso_compliant": false
  },
  "quality_assessment": {
    "overall_quality": "ACCEPTABLE",
    "iso_compliant": false,
    "recommendations": [
      "Consider recapturing calibration images with better coverage",
      "High epipolar error detected, calibration may need refinement"
    ]
  }
}