{
  "camera_resolution": [
    1456,
    1088
  ],
  "projector_resolution": [
    1280,
    720
  ],
  "checkerboard_size": [
    9,
    6
  ],
  "square_size_mm": 23.13,
  "camera_matrix": [
    [
      1700.9322646444148,
      0.0,
      717.4655319607107
    ],
    [
      0.0,
      1704.1363511835193,
      607.143283425577
    ],
    [
      0.0,
      0.0,
      1.0
    ]
  ],
  "camera_distortion": [
    -0.4205880821248343,
    0.2005723240823881,
    -0.01028762239683779,
    0.005690221212351537,
    -0.11316171161036834
  ],
  "projector_matrix": [
    [
      1407.999995971092,
      0.0,
      639.9967193767351
    ],
    [
      0.0,
      1407.999995971092,
      359.99572999442034
    ],
    [
      0.0,
      0.0,
      1.0
    ]
  ],
  "projector_distortion": [
    [
      -0.08227418256145262,
      0.0013805139588968225,
      -0.009817148049779215,
      -0.008836320479950822,
      -6.044171070355766e-06
    ]
  ],
  "rotation_matrix": [
    [
      0.7750784188467357,
      0.6298765571644327,
      0.05008959345737751
    ],
    [
      -0.2419099904590519,
      0.22257263493833232,
      0.9444262695905431
    ],
    [
      0.5837233943865413,
      -0.744121592826931,
      0.3248846779005827
    ]
  ],
  "translation_vector": [
    [
      -449.15884090915114
    ],
    [
      95.27769833212703
    ],
    [
      -17.403748825696894
    ]
  ],
  "essential_matrix": [
    [
      51.405680767390024,
      -67.02459440984592,
      47.39082191408569
    ],
    [
      248.6952531123873,
      -345.19100552170016,
      145.05307865165514
    ],
    [
      34.80832314431028,
      -159.98365532698855,
      -428.9698297484527
    ]
  ],
  "fundamental_matrix": [
    [
      -4.7603400728611066e-08,
      6.195034619971341e-08,
      -7.810520964210297e-05
    ],
    [
      -2.3030022395350547e-07,
      3.1905754127107545e-07,
      -0.0002569573008125555
    ],
    [
      6.798808824891244e-05,
      5.369602665610356e-05,
      1.0
    ]
  ],
  "rectification_R1": [
    [
      0.8299352462813644,
      0.5413868363481691,
      -0.13456515302563182
    ],
    [
      -0.36692821921099444,
      0.7114594400182189,
      0.5993239083797766
    ],
    [
      0.42020372312312904,
      -0.4480242835359297,
      0.7891153733362298
    ]
  ],
  "rectification_R2": [
    [
      0.9775314611974812,
      -0.2073585983114941,
      0.037876827684080544
    ],
    [
      0.19375336958453462,
      0.8131322472926308,
      -0.5488857624200821
    ],
    [
      0.0830173123134918,
      0.5438918643619597,
      0.8350387809779349
    ]
  ],
  "rectification_P1": [
    [
      11085.303365158412,
      0.0,
      905.6878185272217,
      0.0
    ],
    [
      0.0,
      11085.303365158412,
      240.07539558410645,
      0.0
    ],
    [
      0.0,
      0.0,
      1.0,
      0.0
    ]
  ],
  "rectification_P2": [
    [
      11085.303365158412,
      0.0,
      905.6878185272217,
      -5093505.63972794
    ],
    [
      0.0,
      11085.303365158412,
      240.07539558410645,
      0.0
    ],
    [
      0.0,
      0.0,
      1.0,
      0.0
    ]
  ],
  "disparity_to_depth_matrix": [
    [
      1.0,
      0.0,
      0.0,
      -905.6878185272217
    ],
    [
      0.0,
      1.0,
      0.0,
      -240.07539558410645
    ],
    [
      0.0,
      0.0,
      0.0,
      11085.303365158412
    ],
    [
      0.0,
      0.0,
      0.002176360280961722,
      -0.0
    ]
  ],
  "num_calibration_positions": 8,
  "camera_rms_error": 1.0564672952367316,
  "projector_rms_error": 747.1228430245922,
  "stereo_rms_error": 186.26836822270766,
  "calibration_method": "gray_code_projector_camera",
  "camera_calibration_source": "calibration_2k_left_only\\camera_left_calibration.json",
  "timestamp": "2025-06-12T00:54:15.433814"
}