{
  "camera_resolution": [
    1456,
    1088
  ],
  "projector_resolution": [
    1280,
    720
  ],
  "checkerboard_size": [
    9,
    6
  ],
  "square_size_mm": 23.13,
  "camera_matrix": [
    [
      1700.9322646444148,
      0.0,
      717.4655319607107
    ],
    [
      0.0,
      1704.1363511835193,
      607.143283425577
    ],
    [
      0.0,
      0.0,
      1.0
    ]
  ],
  "camera_distortion": [
    -0.4205880821248343,
    0.2005723240823881,
    -0.01028762239683779,
    0.005690221212351537,
    -0.11316171161036834
  ],
  "projector_matrix": [
    [
      1407.999999937451,
      0.0,
      639.9830427478614
    ],
    [
      0.0,
      1407.999999937451,
      359.9919506354103
    ],
    [
      0.0,
      0.0,
      1.0
    ]
  ],
  "projector_distortion": [
    [
      -0.09024276805505238,
      0.0017223115910465709,
      0.004005260439005886,
      -0.009038325525835974,
      -8.36527611150289e-06
    ]
  ],
  "rotation_matrix": [
    [
      0.6901849628564877,
      -0.383083972242822,
      0.6139148045595982
    ],
    [
      -0.6310522698352276,
      0.09656278115230285,
      0.7697068676008677
    ],
    [
      -0.3541436852219675,
      -0.9186524367282728,
      -0.17509983069840682
    ]
  ],
  "translation_vector": [
    [
      -991.698409821161
    ],
    [
      -862.5393126497918
    ],
    [
      2682.1038852843126
    ]
  ],
  "essential_matrix": [
    [
      1998.0105955731683,
      533.3824308372104,
      -1913.4032925066062
    ],
    [
      1499.9440409593635,
      -1938.4971710243835,
      1472.9370588792933
    ],
    [
      1221.1251959730862,
      -426.1861426221231,
      -233.79142307784036
    ]
  ],
  "fundamental_matrix": [
    [
      2.37882472950654e-06,
      6.338493403239016e-07,
      -0.005966441551782798
    ],
    [
      1.7858283561737191e-06,
      -2.3036288449638903e-06,
      0.003100243064630982
    ],
    [
      -0.00011824578029298976,
      -0.0002894631478725319,
      1.0
    ]
  ],
  "rectification_R1": [
    [
      0.872081432177259,
      -0.4858217794782693,
      0.058746695534548254
    ],
    [
      0.3649354239209555,
      0.7256223600458129,
      0.5833475181820673
    ],
    [
      -0.32603084519611564,
      -0.48728778887441104,
      0.8100953640125301
    ]
  ],
  "rectification_R2": [
    [
      0.82407349406732,
      -0.5520235344255987,
      0.1271726928862817
    ],
    [
      0.3320243235844104,
      0.28878137648638036,
      -0.89797837676803
    ],
    [
      0.4589800920780698,
      0.7822246058741066,
      0.4212623185630364
    ]
  ],
  "rectification_P1": [
    [
      30776.232538839737,
      0.0,
      4566.606590270996,
      0.0
    ],
    [
      0.0,
      30776.232538839737,
      44038.457387924194,
      0.0
    ],
    [
      0.0,
      0.0,
      1.0,
      0.0
    ]
  ],
  "rectification_P2": [
    [
      30776.232538839737,
      0.0,
      4566.606590270996,
      0.0
    ],
    [
      0.0,
      30776.232538839737,
      44038.457387924194,
      -91923207.7323828
    ],
    [
      0.0,
      0.0,
      1.0,
      0.0
    ]
  ],
  "disparity_to_depth_matrix": [
    [
      1.0,
      0.0,
      0.0,
      -4566.606590270996
    ],
    [
      0.0,
      1.0,
      0.0,
      -44038.457387924194
    ],
    [
      0.0,
      0.0,
      0.0,
      30776.232538839737
    ],
    [
      0.0,
      0.0,
      0.00033480372691561163,
      -0.0
    ]
  ],
  "num_calibration_positions": 8,
  "camera_rms_error": 1.0564672952367316,
  "projector_rms_error": 663.0280809431057,
  "stereo_rms_error": 149.29620477900968,
  "calibration_method": "gray_code_projector_camera_offline",
  "camera_calibration_source": "calibration_2k_left_only\\camera_left_calibration.json",
  "timestamp": "2025-06-12T01:28:49.301282"
}