{
  "image_size": [
    728,
    544
  ],
  "camera_matrix_left": [
    [
      872.7267101738852,
      0.0,
      380.47042651525175
    ],
    [
      0.0,
      872.6600872046276,
      261.33324111551076
    ],
    [
      0.0,
      0.0,
      1.0
    ]
  ],
  "camera_matrix_right": [
    [
      881.9727908251714,
      0.0,
      360.7635731266867
    ],
    [
      0.0,
      882.0524478215551,
      256.6130257816163
    ],
    [
      0.0,
      0.0,
      1.0
    ]
  ],
  "dist_coeffs_left": [
    -0.4129139164714402,
    0.4622388179423131,
    -0.001341819406255295,
    -0.0016342417091564935,
    -1.1827938509783467
  ],
  "dist_coeffs_right": [
    -0.38235008993213715,
    -0.2364862080858207,
    -0.0009696672171124487,
    0.00016102884760486243,
    2.603307823884258
  ],
  "R": [
    [
      0.999927768432426,
      -0.007354371441430861,
      -0.009506373569879215
    ],
    [
      0.007316088651785702,
      0.9999650129145288,
      -0.004055587958053924
    ],
    [
      0.009535867269831539,
      0.003985745544784024,
      0.9999465891075705
    ]
  ],
  "T": [
    -79.48996211171357,
    -0.2885545041082751,
    1.8925343069807428
  ],
  "R1": [
    [
      0.9994374868097413,
      -0.0038182110396458597,
      -0.033318631782908
    ],
    [
      0.0037529565160048157,
      0.9999909157626273,
      -0.002020819044643222
    ],
    [
      0.033326045022133315,
      0.0018946389310214834,
      0.9994427372623725
    ]
  ],
  "R2": [
    [
      0.9997101157761695,
      0.0036290224456819982,
      -0.023801567403983315
    ],
    [
      -0.0035824085377431513,
      0.9999915815669473,
      0.002000785921634874
    ],
    [
      0.023808627929100178,
      -0.0019149389870812025,
      0.9997147004244809
    ]
  ],
  "P1": [
    [
      877.6152677653699,
      0.0,
      407.93641662597656,
      0.0
    ],
    [
      0.0,
      877.6152677653699,
      254.76927185058594,
      0.0
    ],
    [
      0.0,
      0.0,
      1.0,
      0.0
    ]
  ],
  "P2": [
    [
      877.6152677653699,
      0.0,
      407.93641662597656,
      -69781.83303583767
    ],
    [
      0.0,
      877.6152677653699,
      254.76927185058594,
      0.0
    ],
    [
      0.0,
      0.0,
      1.0,
      0.0
    ]
  ],
  "Q": [
    [
      1.0,
      0.0,
      0.0,
      -407.93641662597656
    ],
    [
      0.0,
      1.0,
      0.0,
      -254.76927185058594
    ],
    [
      0.0,
      0.0,
      0.0,
      877.6152677653699
    ],
    [
      0.0,
      0.0,
      0.012576557960503207,
      -0.0
    ]
  ],
  "rectified": true,
  "note": "Corrected for actual image dimensions"
}