{
  "reprojection_error": 0.48601679322590263,
  "baseline_mm": 80.0,
  "baseline_target_mm": 80.0,
  "baseline_error_mm": 0.0,
  "baseline_error_percent": 0.0,
  "camera_matrix_left": [
    [
      1745.1254495388232,
      0.0,
      732.0923607219745
    ],
    [
      0.0,
      1745.9148802779716,
      534.826794112013
    ],
    [
      0.0,
      0.0,
      1.0
    ]
  ],
  "dist_coeffs_left": [
    [
      -0.4048007129691905,
      0.2191042983305194,
      -0.0013426107185615672,
      0.0003976568411842301,
      -0.05397369095826686
    ]
  ],
  "camera_matrix_right": [
    [
      1758.072236212899,
      0.0,
      722.1176855704804
    ],
    [
      0.0,
      1759.0873593298975,
      514.5202109805508
    ],
    [
      0.0,
      0.0,
      1.0
    ]
  ],
  "dist_coeffs_right": [
    [
      -0.38993702305387923,
      -0.025709262002697526,
      -0.0014515274169871457,
      0.00020935196560131604,
      0.9698794950469112
    ]
  ],
  "R": [
    [
      0.9996240817471553,
      -0.007692646955775848,
      -0.0263157438422394
    ],
    [
      0.007744811047000512,
      0.9999682395745593,
      0.0018808891522914266
    ],
    [
      0.026300439026807655,
      -0.0020839925553468998,
      0.999651911358162
    ]
  ],
  "T": [
    [
      -0.07999866017204212
    ],
    [
      -0.00016975537293804888
    ],
    [
      -0.0004307595518150213
    ]
  ],
  "E": [
    [
      -0.0017354766509164472,
      0.6629776873084285,
      -0.259725796943494
    ],
    [
      2.573484781723069,
      -0.25129340733784783,
      123.00260890105837
    ],
    [
      -0.6918640823700051,
      -123.02610140450483,
      -0.23827209013537515
    ]
  ],
  "F": [
    [
      -2.5204330745178405e-10,
      9.624072652766181e-08,
      -0.00011711370165916149
    ],
    [
      3.735315647163637e-07,
      -3.645779371511722e-08,
      0.030902396442055155
    ],
    [
      -0.00036865763780533767,
      -0.03144815851860646,
      1.0
    ]
  ],
  "R1": [
    [
      0.9997653888011959,
      -0.00558186459878097,
      -0.020928691855780515
    ],
    [
      0.005602685077200085,
      0.9999838664765135,
      0.0009363261227825085
    ],
    [
      0.020923127756601247,
      -0.0010533633197340785,
      0.9997805324923053
    ]
  ],
  "R2": [
    [
      0.9999832521505265,
      0.002121942161725114,
      0.0053844943976855495
    ],
    [
      -0.002116584039059431,
      0.9999972594264065,
      -0.0010006056576502811
    ],
    [
      -0.005386602868414614,
      0.0009891921647567914,
      0.999985002891743
    ]
  ],
  "P1": [
    [
      1711.4355905007844,
      0.0,
      744.7185516357422,
      0.0
    ],
    [
      0.0,
      1711.4355905007844,
      520.0396270751953,
      0.0
    ],
    [
      0.0,
      0.0,
      1.0,
      0.0
    ]
  ],
  "P2": [
    [
      1711.4355905007844,
      0.0,
      744.7185516357422,
      -136.91484724006273
    ],
    [
      0.0,
      1711.4355905007844,
      520.0396270751953,
      0.0
    ],
    [
      0.0,
      0.0,
      1.0,
      0.0
    ]
  ],
  "Q": [
    [
      1.0,
      0.0,
      0.0,
      -744.7185516357422
    ],
    [
      0.0,
      1.0,
      0.0,
      -520.0396270751953
    ],
    [
      0.0,
      0.0,
      0.0,
      1711.4355905007844
    ],
    [
      0.0,
      0.0,
      12.500000000000002,
      -0.0
    ]
  ],
  "roi_left": [
    0,
    0,
    1456,
    1087
  ],
  "roi_right": [
    0,
    0,
    1456,
    1088
  ],
  "quality_score": 90.34958016935244,
  "valid_pairs": 19,
  "mean_sharpness": 1.0,
  "image_size": [
    1456,
    1088
  ],
  "checkerboard_size": [
    5,
    8
  ],
  "square_size_mm": 30.0,
  "calibration_timestamp": "2025-06-01 01:23:05",
  "calibration_method": "Enhanced OpenCV with quality control",
  "iso_52902_compliant": true,
  "measurement_uncertainty_estimate_mm": 0.022274932275052034,
  "correction_applied": {
    "original_baseline_mm": 123030.0610521049,
    "target_baseline_mm": 80.0,
    "correction_factor": 0.0006502475843372858,
    "corrected_date": "2025-01-06"
  }
}