{
    "reprojection_error": 0.7830192891894595,
    "image_size": [
        1456,
        1088
    ],
    "camera_matrix_left": [
        [
            1745.4534203477704,
            0.0,
            760.9408530305035
        ],
        [
            0.0,
            1745.3201744092553,
            522.6664822310215
        ],
        [
            0.0,
            0.0,
            1.0
        ]
    ],
    "dist_coeffs_left": [
        [
            -0.4129139164714402,
            0.4622388179423131,
            -0.001341819406255295,
            -0.0016342417091564935,
            -1.1827938509783467
        ]
    ],
    "camera_matrix_right": [
        [
            1763.9455816503428,
            0.0,
            721.5271462533734
        ],
        [
            0.0,
            1764.1048956431102,
            513.2260515632325
        ],
        [
            0.0,
            0.0,
            1.0
        ]
    ],
    "dist_coeffs_right": [
        [
            -0.38235008993213715,
            -0.2364862080858207,
            -0.0009696672171124487,
            0.00016102884760486243,
            2.603307823884258
        ]
    ],
    "R": [
        [
            0.999927768432426,
            -0.007354371441430861,
            -0.009506373569879215
        ],
        [
            0.007316088651785702,
            0.9999650129145288,
            -0.004055587958053924
        ],
        [
            0.009535867269831539,
            0.003985745544784024,
            0.9999465891075705
        ]
    ],
    "T": [
        [
            -79.48996211171357
        ],
        [
            -0.2885545041082751
        ],
        [
            1.8925343069807428
        ]
    ],
    "E": [
        [
            -0.0165975662177055,
            -1.893618197550364,
            -0.28086375280910114
        ],
        [
            2.650403334242301,
            0.3029083620826259,
            79.46772534378202
        ],
        [
            -0.29302194837227014,
            -79.48930312661936,
            0.31963542621510366
        ]
    ],
    "F": [
        [
            -3.9204881712901605e-09,
            -4.473230847844067e-07,
            0.00012098640608220136
        ],
        [
            6.259915699998612e-07,
            7.154856584694263e-08,
            0.03224714157587419
        ],
        [
            -0.00044053671829210906,
            -0.032836438632142716,
            1.0
        ]
    ],
    "R1": [
        [
            0.9994374868097413,
            -0.003818211039645861,
            -0.033318631782908
        ],
        [
            0.0037529565160048174,
            0.9999909157626273,
            -0.0020208190446432232
        ],
        [
            0.033326045022133315,
            0.0018946389310214847,
            0.9994427372623725
        ]
    ],
    "R2": [
        [
            0.9997101157761695,
            0.0036290224456819987,
            -0.02380156740398331
        ],
        [
            -0.0035824085377431513,
            0.9999915815669473,
            0.0020007859216348753
        ],
        [
            0.023808627929100174,
            -0.0019149389870812038,
            0.9997147004244809
        ]
    ],
    "P1": [
        [
            1573.3576595159095,
            0.0,
            815.8208465576172,
            0.0
        ],
        [
            0.0,
            1573.3576595159095,
            509.31752014160156,
            0.0
        ],
        [
            0.0,
            0.0,
            1.0,
            0.0
        ]
    ],
    "P2": [
        [
            1573.3576595159095,
            0.0,
            815.8208465576172,
            -125102.40595694415
        ],
        [
            0.0,
            1573.3576595159095,
            509.31752014160156,
            0.0
        ],
        [
            0.0,
            0.0,
            1.0,
            0.0
        ]
    ],
    "Q": [
        [
            1.0,
            0.0,
            0.0,
            -815.8208465576172
        ],
        [
            0.0,
            1.0,
            0.0,
            -509.31752014160156
        ],
        [
            0.0,
            0.0,
            0.0,
            1573.3576595159095
        ],
        [
            0.0,
            0.0,
            0.012576557960503207,
            -0.0
        ]
    ],
    "left_error": 0.04640104222280864,
    "right_error": 0.017191293857196248,
    "calibration_time": "2025-05-14 15:20:27",
    "num_valid_pairs": 19
}