{
  "timestamp": "2025-01-06T10:00:00",
  "image_size": [2048, 1536],
  "checkerboard_size": [8, 5],
  "square_size_mm": 24.0,
  "num_images_used": 40,
  "rms_error": 0.35,
  "baseline_mm": 80.0,
  
  "K1": [
    [2800.0, 0.0, 1024.0],
    [0.0, 2800.0, 768.0],
    [0.0, 0.0, 1.0]
  ],
  "D1": [-0.35, 0.15, 0.0, 0.0, -0.05],
  
  "K2": [
    [2800.0, 0.0, 1024.0],
    [0.0, 2800.0, 768.0],
    [0.0, 0.0, 1.0]
  ],
  "D2": [-0.35, 0.15, 0.0, 0.0, -0.05],
  
  "R": [
    [0.999985, 0.001234, -0.005321],
    [-0.001235, 0.999999, -0.000123],
    [0.005321, 0.000134, 0.999986]
  ],
  "T": [0.08, 0.0, 0.0],
  
  "E": [
    [0.0, 0.0, 0.0],
    [0.0, 0.0, -0.08],
    [0.0, 0.08, 0.0]
  ],
  "F": [
    [0.0, 0.0, 0.0],
    [0.0, 0.0, -0.00002857],
    [0.0, 0.00002857, 0.0]
  ],
  
  "R1": [
    [0.999992, -0.000617, 0.003927],
    [0.000617, 1.0, 0.000061],
    [-0.003927, -0.000058, 0.999992]
  ],
  "R2": [
    [0.999977, -0.001851, 0.006520],
    [0.001852, 0.999998, -0.000005],
    [-0.006520, 0.000017, 0.999979]
  ],
  
  "P1": [
    [2800.0, 0.0, 1024.0, 0.0],
    [0.0, 2800.0, 768.0, 0.0],
    [0.0, 0.0, 1.0, 0.0]
  ],
  "P2": [
    [2800.0, 0.0, 1024.0, -224.0],
    [0.0, 2800.0, 768.0, 0.0],
    [0.0, 0.0, 1.0, 0.0]
  ],
  
  "Q": [
    [1.0, 0.0, 0.0, -1024.0],
    [0.0, 1.0, 0.0, -768.0],
    [0.0, 0.0, 0.0, 2800.0],
    [0.0, 0.0, 12.5, 0.0]
  ],
  
  "roi1": [0, 0, 2048, 1536],
  "roi2": [0, 0, 2048, 1536],
  
  "notes": "Default 2K stereo calibration for UnLook scanner"
}